State,01-10-2017,02-10-2017,03-10-2017,04-10-2017,05-10-2017,06-10-2017,07-10-2017,08-10-2017,09-10-2017,10-10-2017,11-10-2017,12-10-2017,01-10-2018,03-10-2018,04-10-2018,05-10-2018,06-10-2018,07-10-2018,08-10-2018,09-10-2018,10-10-2018,11-10-2018,12-10-2018,02-10-2019,03-10-2019,04-10-2019,05-10-2019,06-10-2019,07-10-2019,08-10-2019,09-10-2019,10-10-2019,11-10-2019,12-10-2019,01-10-2020,02-10-2020,04-10-2020,05-10-2020,06-10-2020,07-10-2020,08-10-2020,09-10-2020,10-10-2020,11-10-2020,12-10-2020,01-10-2021,02-10-2021,03-10-2021,04-10-2021,05-10-2021,06-10-2021,07-10-2021,08-10-2021,09-10-2021,10-10-2021,11-10-2021,12-10-2021,01-10-2022,02-10-2022,03-10-2022,04-10-2022,05-10-2022,06-10-2022,07-10-2022,09-10-2022,10-10-2022,11-10-2022,12-10-2022,01-10-2023,02-10-2023,03-10-2023,04-10-2023,05-10-2023,06-10-2023,08-10-2023,09-10-2023,10-10-2023,11-10-2023,12-10-2023,01-10-2024,02-10-2024,03-10-2024,04-10-2024,05-10-2024,06-10-2024
AK,933,936,933,932,927,914,911,909,904,909,905,903,901,895,893,891,895,893,895,890,887,862,867,858,853,851,849,848,845,851,847,845,840,839,842,839,833,835,834,833,834,829,834,827,835,830,828,828,826,822,816,824,825,825,822,821,829,844,849,823,820,817,822,813,810,810,810,806,800,797,799,790,783,774,760,757,757,748,746,741,737,737,741,740,911
AL,"2,312","2,309","2,307","2,303","2,314","2,322","2,319","2,318","2,323","2,312","2,297","2,294","2,291","2,270","2,270","2,276","2,276","2,270","2,266","2,269","2,256","2,250","2,236","2,207","2,189","2,193","2,186","2,177","2,170","2,158","2,148","2,143","2,134","2,137","2,140","2,135","2,127","2,112","2,103","2,091","2,092","2,104","2,102","2,122","2,130","2,144","2,153","2,153","2,173","2,173","2,169","2,168","2,169","2,166","2,171","2,178","2,175",2195,"2,210","2,150","2,152","2,142","2,139","2,152","2,155","2,148","2,147","2,147","2,146","2,127","2,117","2,116","2,117","2,100",2086,"2,076",2064,2058,2062,2050,2053,2042,2036,2032,"2,319"
AR,"1,955","1,954","1,951","1,949","1,949","1,943","1,949","1,943","1,947","1,947","1,931","1,936","1,931","1,928","1,930","1,935","1,945","1,937","1,922","1,923","1,935","1,932","1,927","1,921","1,923","1,911","1,894","1,898","1,897","1,888","1,883","1,870","1,861","1,861","1,860","1,858","1,862","1,852","1,845","1,838","1,836","1,855","1,864","1,869","1,880","1,879","1,885","1,880","1,889","1,888","1,899","1,889","1,880","1,883","1,881","1,880","1,885",1909,"1,919","1,893","1,890","1,892","1,890","1,875","1,876","1,875","1,878","1,883","1,880","1,886","1,889","1,882","1,871","1,868",1862,"1,866",1860,1839,1836,1822,1820,1808,1803,1798,"1,949"
AZ,"3,217","3,214","3,212","3,235","3,238","3,244","3,239","3,251","3,240","3,255","3,256","3,238","3,231","3,237","3,237","3,243","3,244","3,246","3,248","3,248","3,242","3,223","3,229","3,216","3,216","3,224","3,214","3,199","3,188","3,195","3,184","3,186","3,180","3,186","3,186","3,193","3,219","3,237","3,259","3,280","3,318","3,345","3,385","3,437","3,469","3,488","3,513","3,522","3,533","3,557","3,564","3,604","3,606","3,619","3,607","3,625","3,638",3700,"3,715","3,658","3,661","3,664","3,677","3,681","3,677","3,675","3,674","3,673","3,670","3,676","3,650","3,642","3,632","3,628",3620,"3,614",3599,3568,3562,3563,3565,3553,3550,3539,"3,239"
CA,"7,656","7,613","7,592","7,605","7,585","7,605","7,582","7,604","7,605","7,586","7,553","7,530","7,515","7,656","7,703","7,747","7,768","7,845","7,829","7,909","7,911","7,921","7,923","7,847","7,861","7,977","7,951","7,963","7,962","8,035","8,109","8,096","8,133","8,113","8,096","8,107","8,116","8,088","8,074","8,167","8,164","8,321","8,434","8,538","8,589","8,666","8,729","8,733","8,789","8,807","8,878","8,936","8,996","9,054","9,060","9,118","9,167",9311,"9,418","9,267","9,251","9,262","9,361","9,419","9,501","9,503","9,542","9,544","9,565","9,601","9,672","9,688","9,799","9,829",9801,"9,770",9736,9659,9673,10005,10216,10373,10503,10634,"7,582"
CO,"2,939","2,940","2,955","2,965","2,978","3,001","2,994","2,980","2,985","2,995","2,999","2,993","2,989","2,970","2,977","2,991","2,992","2,998","2,991","2,992","2,990","2,987","2,986","2,963","2,961","2,967","2,962","2,944","2,941","2,944","2,927","2,919","2,914","2,924","2,925","2,920","2,924","2,920","2,908","2,901","2,901","2,933","2,950","2,969","2,974","2,982","3,003","3,016","3,013","3,034","3,043","3,057","3,054","3,061","3,055","3,063","3,070",3111,"3,123","3,061","3,052","3,037","3,032","3,034","3,041","3,029","3,028","3,043","3,042","3,036","3,043","3,045","3,045","3,035",3021,"3,013",3001,2968,2964,2954,2948,2946,2928,2904,"2,994"
CT,"1,802","1,793","1,799","1,811","1,815","1,811","1,801","1,803","1,801","1,805","1,809","1,802","1,803","1,805","1,800","1,794","1,806","1,802","1,807","1,802","1,789","1,784","1,786","1,770","1,779","1,778","1,773","1,765","1,765","1,771","1,764","1,753","1,750","1,751","1,754","1,752","1,746","1,735","1,732","1,735","1,733","1,740","1,744","1,754","1,765","1,770","1,774","1,777","1,780","1,779","1,788","1,779","1,779","1,777","1,777","1,777","1,777",1786,"1,796","1,777","1,770","1,758","1,766","1,761","1,754","1,756","1,758","1,751","1,747","1,746","1,744","1,748","1,736","1,727",1719,"1,713",1705,1690,1676,1677,1676,1668,1667,1669,"1,801"
DE,325,324,321,319,317,316,316,316,318,317,318,319,316,311,309,314,310,312,309,306,303,302,303,304,304,305,305,308,306,305,305,303,302,304,303,303,303,300,304,306,306,309,318,321,321,320,321,321,324,326,321,318,324,323,324,324,323,326,328,321,323,320,320,316,320,319,315,316,314,308,312,311,310,314,314,309,307,304,300,299,300,299,299,300,316
FL,"7,299","7,280","7,280","7,326","7,308","7,300","7,290","7,282","7,280","7,248","7,224","7,201","7,194","7,157","7,147","7,155","7,152","7,128","7,147","7,132","7,146","7,134","7,124","7,060","7,061","7,025","7,012","6,952","6,935","6,933","6,924","6,911","6,905","6,882","6,879","6,861","6,823","6,828","6,829","6,832","6,857","6,904","6,991","7,059","7,103","7,146","7,174","7,188","7,210","7,243","7,285","7,289","7,315","7,309","7,342","7,376","7,360",7526,"7,587","7,420","7,427","7,432","7,439","7,447","7,473","7,489","7,510","7,475","7,472","7,471","7,461","7,462","7,466","7,470",7433,"7,407",7391,7353,7335,7340,7335,7283,7267,7231,"7,290"
GA,"3,692","3,692","3,689","3,703","3,686","3,674","3,652","3,651","3,643","3,635","3,618","3,597","3,582","3,562","3,537","3,543","3,537","3,531","3,506","3,517","3,520","3,529","3,524","3,490","3,476","3,477","3,473","3,463","3,444","3,426","3,428","3,428","3,428","3,419","3,393","3,401","3,398","3,393","3,379","3,391","3,418","3,450","3,474","3,500","3,502","3,517","3,528","3,553","3,561","3,573","3,596","3,609","3,627","3,635","3,632","3,641","3,645",3714,"3,724","3,658","3,655","3,655","3,666","3,676","3,698","3,695","3,685","3,677","3,669","3,665","3,660","3,653","3,645","3,628",3600,"3,585",3571,3564,3553,3556,3557,3550,3528,3512,"3,652"
HI,262,260,255,256,255,252,249,249,245,242,241,238,241,245,247,246,247,246,243,242,245,244,243,245,243,242,236,234,231,232,229,228,227,225,224,221,224,225,225,225,224,225,222,223,225,227,228,229,228,228,227,228,226,229,231,231,231,236,241,233,232,231,231,232,228,229,231,229,229,228,227,228,228,226,219,218,219,221,220,220,219,215,211,208,249
IA,"2,118","2,118","2,113","2,113","2,113","2,104","2,094","2,099","2,097","2,088","2,084","2,080","2,072","2,067","2,070","2,069","2,063","2,060","2,057","2,055","2,055","2,055","2,053","2,042","2,047","2,042","2,044","2,038","2,034","2,022","2,016","2,010","2,002","2,000","1,989","1,986","1,989","1,988","1,975","1,968","1,979","1,979","1,990","1,987","1,995","1,998","2,007","2,013","2,024","2,032","2,040","2,039","2,044","2,039","2,045","2,038","2,034",2056,"2,070","2,035","2,046","2,041","2,043","2,035","2,023","2,027","2,026","2,027","2,024","2,011","2,002","1,993","1,991","1,986",1970,"1,967",1964,1961,1964,1959,1943,1942,1936,1940,"2,094"
ID,"1,442","1,434","1,437","1,434","1,442","1,439","1,433","1,432","1,433","1,447","1,443","1,450","1,451","1,454","1,454","1,453","1,454","1,451","1,464","1,464","1,464","1,462","1,471","1,460","1,456","1,465","1,463","1,462","1,464","1,459","1,461","1,456","1,458","1,459","1,460","1,463","1,474","1,490","1,491","1,489","1,497","1,507","1,506","1,518","1,520","1,531","1,544","1,559","1,571","1,572","1,570","1,582","1,586","1,590","1,591","1,591","1,594",1637,"1,650","1,589","1,597","1,607","1,625","1,624","1,638","1,640","1,647","1,654","1,652","1,650","1,643","1,646","1,644","1,664",1662,"1,660",1666,1658,1656,1659,1658,1661,1661,1653,"1,433"
IL,"5,361","5,385","5,407","5,435","5,418","5,438","5,436","5,430","5,408","5,400","5,383","5,383","5,385","5,384","5,388","5,381","5,370","5,363","5,348","5,329","5,305","5,311","5,298","5,254","5,258","5,228","5,206","5,176","5,061","4,924","4,859","4,823","4,787","4,742","4,726","4,688","4,611","4,557","4,514","4,491","4,478","4,497","4,492","4,487","4,487","4,480","4,502","4,491","4,480","4,441","4,444","4,419","4,412","4,408","4,405","4,392","4,370",4381,"4,411","4,327","4,316","4,304","4,291","4,267","4,250","4,249","4,232","4,222","4,224","4,253","4,331","4,386","4,380","4,388",4344,"4,330",4315,4313,4284,4268,4273,4226,4208,4193,"5,436"
IN,"2,917","2,924","2,921","2,923","2,907","2,903","2,899","2,892","2,876","2,863","2,847","2,846","2,841","2,840","2,838","2,836","2,833","2,823","2,814","2,812","2,808","2,808","2,803","2,786","2,795","2,806","2,799","2,786","2,779","2,773","2,748","2,749","2,745","2,733","2,739","2,740","2,739","2,735","2,729","2,731","2,719","2,722","2,735","2,739","2,753","2,746","2,757","2,741","2,728","2,722","2,734","2,742","2,733","2,721","2,729","2,744","2,744",2808,"2,812","2,763","2,765","2,740","2,726","2,711","2,711","2,707","2,700","2,701","2,698","2,699","2,694","2,690","2,674","2,663",2643,"2,641",2640,2644,2643,2650,2664,2648,2634,2621,"2,899"
KS,"1,921","1,920","1,914","1,911","1,902","1,907","1,895","1,893","1,882","1,871","1,872","1,861","1,864","1,850","1,849","1,855","1,852","1,854","1,848","1,845","1,832","1,833","1,821","1,805","1,798","1,796","1,790","1,789","1,783","1,773","1,759","1,761","1,756","1,762","1,767","1,769","1,769","1,758","1,749","1,751","1,749","1,766","1,771","1,782","1,784","1,793","1,806","1,797","1,805","1,819","1,824","1,828","1,826","1,815","1,813","1,817","1,814",1829,"1,834","1,805","1,804","1,803","1,799","1,799","1,781","1,786","1,782","1,777","1,776","1,768","1,760","1,755","1,747","1,748",1743,"1,733",1719,1709,1698,1694,1694,1694,1696,1682,"1,895"
KY,"2,426","2,416","2,416","2,415","2,437","2,414","2,424","2,420","2,416","2,393","2,394","2,365","2,363","2,334","2,329","2,324","2,318","2,313","2,312","2,317","2,312","2,318","2,310","2,294","2,283","2,281","2,271","2,268","2,271","2,257","2,243","2,248","2,249","2,235","2,229","2,215","2,212","2,203","2,195","2,198","2,196","2,212","2,225","2,236","2,219","2,226","2,226","2,232","2,261","2,270","2,254","2,265","2,257","2,256","2,233","2,240","2,233",2261,"2,275","2,231","2,222","2,211","2,229","2,222","2,205","2,205","2,200","2,196","2,193","2,194","2,191","2,187","2,184","2,181",2168,"2,166",2153,2139,2120,2120,2112,2096,2083,2060,"2,424"
LA,"2,135","2,133","2,122","2,115","2,120","2,115","2,105","2,104","2,100","2,091","2,080","2,083","2,090","2,090","2,083","2,067","2,071","2,060","2,064","2,067","2,060","2,051","2,042","2,021","2,023","2,018","2,013","2,002","1,995","1,982","1,970","1,977","1,972","1,974","1,966","1,965","1,950","1,942","1,934","1,934","1,931","1,928","1,943","1,955","1,955","1,956","1,962","1,953","1,955","1,958","1,950","1,945","1,933","1,928","1,920","1,913","1,911",1937,"1,950","1,914","1,908","1,905","1,893","1,889","1,888","1,877","1,868","1,872","1,861","1,861","1,853","1,851","1,837","1,829",1818,"1,797",1794,1788,1782,1776,1776,1756,1747,1739,"2,105"
MA,"4,015","4,028","4,052","4,073","4,079","4,098","4,093","4,091","4,084","4,083","4,090","4,081","4,101","4,121","4,111","4,132","4,130","4,120","4,116","4,106","4,106","4,113","4,094","4,062","4,048","4,065","4,039","4,022","4,028","4,018","4,008","3,988","3,986","3,972","3,969","3,973","3,951","3,947","3,944","3,928","3,931","3,945","3,936","3,929","3,952","3,946","3,951","3,955","3,964","3,975","3,973","3,970","3,968","3,958","3,957","3,944","3,947",3957,"3,985","3,926","3,940","3,955","3,951","3,949","3,946","3,948","3,935","3,940","3,926","3,918","3,918","3,917","3,922","3,911",3879,"3,875",3867,3846,3827,3830,3840,3810,3814,3820,"4,093"
MD,"3,269","3,279","3,266","3,260","3,231","3,219","3,208","3,196","3,194","3,180","3,165","3,151","3,144","3,128","3,124","3,124","3,124","3,113","3,102","3,094","3,090","3,076","3,066","3,034","3,033","3,000","2,975","2,955","2,937","2,916","2,913","2,905","2,901","2,895","2,887","2,870","2,854","2,832","2,829","2,840","2,823","2,833","2,835","2,832","2,850","2,848","2,845","2,839","2,858","2,855","2,871","2,875","2,890","2,880","2,880","2,877","2,876",2944,"2,954","2,894","2,889","2,877","2,882","2,880","2,891","2,885","2,878","2,864","2,851","2,854","2,851","2,855","2,839","2,829",2801,"2,775",2748,2740,2723,2716,2715,2685,2665,2646,"3,208"
ME,960,956,962,973,971,969,962,955,956,960,965,961,960,958,951,938,933,932,939,935,927,924,927,916,913,915,909,906,898,895,884,879,879,875,878,880,879,882,877,880,880,875,881,887,886,887,893,899,906,913,909,913,908,906,912,918,919,929,928,914,912,909,908,910,913,916,916,915,910,907,905,905,904,898,889,882,881,871,872,869,869,854,853,853,962
MI,"4,165","4,157","4,150","4,166","4,152","4,135","4,128","4,127","4,121","4,107","4,101","4,091","4,092","4,082","4,074","4,066","4,061","4,055","4,043","4,028","4,018","4,004","3,993","3,967","3,935","3,920","3,906","3,890","3,881","3,874","3,862","3,864","3,845","3,834","3,833","3,830","3,808","3,808","3,801","3,807","3,806","3,835","3,860","3,871","3,869","3,868","3,848","3,859","3,873","3,886","3,897","3,923","3,918","3,914","3,910","3,915","3,915",3962,"3,983","3,895","3,903","3,905","3,895","3,882","3,883","3,871","3,874","3,859","3,853","3,852","3,852","3,842","3,816","3,806",3780,"3,760",3743,3723,3708,3697,3695,3681,3694,3677,"4,128"
MN,"2,609","2,608","2,604","2,598","2,589","2,581","2,588","2,579","2,583","2,581","2,568","2,555","2,546","2,538","2,535","2,534","2,532","2,524","2,510","2,501","2,494","2,486","2,479","2,467","2,461","2,461","2,458","2,457","2,461","2,444","2,438","2,438","2,447","2,437","2,442","2,441","2,445","2,435","2,432","2,418","2,423","2,424","2,428","2,432","2,429","2,434","2,436","2,439","2,448","2,452","2,453","2,448","2,439","2,437","2,427","2,415","2,413",2447,"2,447","2,407","2,408","2,391","2,380","2,389","2,385","2,368","2,363","2,356","2,358","2,358","2,358","2,352","2,350","2,350",2326,"2,320",2294,2289,2282,2281,2274,2261,2263,2261,"2,588"
MO,"4,892","4,867","4,859","4,843","4,831","4,811","4,799","4,783","4,757","4,757","4,724","4,703","4,701","4,691","4,671","4,645","4,647","4,624","4,606","4,589","4,571","4,551","4,522","4,473","4,462","4,465","4,432","4,413","4,393","4,383","4,360","4,338","4,318","4,301","4,297","4,282","4,265","4,239","4,230","4,218","4,214","4,228","4,225","4,238","4,226","4,226","4,214","4,200","4,211","4,189","4,181","4,179","4,178","4,163","4,164","4,166","4,156",4197,"4,208","4,120","4,105","4,095","4,086","4,065","4,036","4,011","4,010","4,006","3,999","3,981","3,967","3,958","3,933","3,925",3883,"3,872",3859,3846,3840,3829,3819,3798,3803,3776,"4,799"
MS,"1,554","1,552","1,552","1,545","1,543","1,532","1,529","1,521","1,528","1,523","1,514","1,507","1,519","1,500","1,507","1,507","1,502","1,503","1,501","1,505","1,504","1,508","1,500","1,485","1,486","1,484","1,479","1,468","1,466","1,469","1,461","1,465","1,459","1,452","1,442","1,446","1,446","1,441","1,426","1,420","1,415","1,417","1,435","1,437","1,454","1,448","1,434","1,434","1,447","1,448","1,462","1,465","1,461","1,459","1,457","1,466","1,460",1485,"1,489","1,458","1,454","1,448","1,456","1,454","1,448","1,449","1,439","1,425","1,424","1,420","1,421","1,419","1,418","1,402",1398,"1,387",1375,1372,1370,1367,1374,1373,1376,1370,"1,529"
MT,"1,562","1,557","1,553","1,555","1,559","1,552","1,536","1,540","1,542","1,543","1,540","1,540","1,536","1,533","1,533","1,522","1,531","1,515","1,520","1,523","1,520","1,513","1,511","1,496","1,504","1,499","1,496","1,491","1,482","1,486","1,485","1,485","1,483","1,477","1,470","1,477","1,487","1,490","1,485","1,488","1,500","1,502","1,495","1,490","1,498","1,500","1,497","1,503","1,515","1,508","1,500","1,500","1,499","1,497","1,498","1,502","1,498",1529,"1,545","1,500","1,497","1,500","1,496","1,499","1,506","1,499","1,500","1,494","1,494","1,493","1,489","1,488","1,488","1,487",1485,"1,477",1475,1464,1462,1463,1452,1442,1449,1442,"1,536"
NC,"4,758","4,734","4,714","4,720","4,706","4,715","4,715","4,696","4,672","4,675","4,649","4,642","4,635","4,609","4,609","4,587","4,591","4,588","4,583","4,572","4,576","4,572","4,551","4,490","4,494","4,484","4,477","4,450","4,431","4,432","4,430","4,425","4,423","4,408","4,386","4,373","4,384","4,367","4,367","4,374","4,374","4,416","4,429","4,461","4,500","4,532","4,519","4,525","4,521","4,504","4,544","4,568","4,594","4,596","4,602","4,602","4,603",4679,"4,704","4,610","4,600","4,612","4,618","4,621","4,641","4,658","4,659","4,666","4,657","4,652","4,669","4,664","4,644","4,641",4620,"4,601",4605,4571,4557,4536,4527,4514,4505,4475,"4,715"
ND,675,681,684,684,684,683,680,681,683,683,687,688,689,693,687,686,684,691,688,685,683,685,682,680,681,679,674,680,689,689,690,692,695,692,687,694,696,693,694,691,687,697,705,701,706,703,706,710,710,709,712,707,718,715,716,712,711,716,719,705,709,706,708,707,709,704,705,703,702,702,703,696,696,699,699,693,690,688,685,682,684,681,682,694,680
NE,"1,174","1,174","1,170","1,174","1,177","1,172","1,171","1,166","1,169","1,167","1,168","1,165","1,163","1,159","1,155","1,149","1,147","1,143","1,140","1,136","1,134","1,135","1,131","1,122","1,123","1,117","1,113","1,112","1,110","1,119","1,119","1,119","1,113","1,106","1,100","1,105","1,099","1,097","1,091","1,089","1,088","1,095","1,100","1,100","1,102","1,104","1,106","1,110","1,110","1,108","1,109","1,106","1,102","1,102","1,099","1,104","1,105",1129,"1,133","1,108","1,110","1,106","1,103","1,108","1,111","1,108","1,109","1,099","1,100","1,093","1,095","1,092","1,082","1,085",1075,"1,075",1074,1068,1064,1061,1066,1059,1061,1064,"1,171"
NH,"1,190","1,190","1,193","1,199","1,203","1,191","1,183","1,187","1,188","1,192","1,198","1,192","1,184","1,188","1,186","1,185","1,190","1,190","1,204","1,204","1,201","1,198","1,198","1,185","1,194","1,186","1,182","1,176","1,171","1,168","1,163","1,155","1,160","1,153","1,148","1,143","1,145","1,138","1,148","1,154","1,163","1,167","1,169","1,175","1,177","1,179","1,194","1,192","1,205","1,207","1,212","1,200","1,204","1,196","1,189","1,192","1,192",1208,"1,210","1,200","1,201","1,199","1,197","1,202","1,198","1,197","1,194","1,192","1,186","1,185","1,182","1,195","1,193","1,193",1187,"1,181",1180,1166,1168,1161,1163,1158,1160,1156,"1,183"
NJ,537,535,532,530,524,526,525,523,522,520,518,519,518,518,518,514,506,506,504,501,494,492,491,496,492,493,491,492,489,486,483,483,480,479,479,480,479,482,480,477,471,471,470,467,467,467,467,466,462,462,461,464,470,469,472,477,478,504,510,486,486,492,490,495,490,488,488,485,488,491,491,502,513,512,499,507,510,508,508,513,507,500,499,501,525
NM,"1,133","1,123","1,125","1,121","1,113","1,116","1,119","1,116","1,113","1,110","1,107","1,107","1,105","1,106","1,095","1,091","1,086","1,084","1,075","1,069","1,067","1,065","1,064","1,055","1,049","1,051","1,048","1,043","1,047","1,052","1,036","1,027","1,022",997,997,"1,004","1,010","1,008","1,006","1,007","1,011","1,017","1,023","1,033","1,032","1,036","1,038","1,034","1,034","1,033","1,042","1,046","1,053","1,050","1,049","1,051","1,042",1068,1073,"1,046","1,036","1,032","1,034","1,028","1,011","1,005","1,007","1,000",999,"1,002","1,006","1,004","1,005","1,004",988,994,984,976,972,971,967,959,955,954,"1,119"
NV,"1,326","1,328","1,332","1,331","1,339","1,345","1,344","1,342","1,332","1,329","1,341","1,338","1,346","1,337","1,335","1,340","1,336","1,322","1,322","1,324","1,329","1,317","1,318","1,310","1,306","1,311","1,294","1,305","1,308","1,303","1,290","1,280","1,285","1,286","1,276","1,283","1,285","1,290","1,294","1,294","1,297","1,306","1,314","1,317","1,311","1,321","1,324","1,333","1,329","1,333","1,341","1,350","1,341","1,350","1,348","1,342","1,351",1379,"1,384","1,342","1,336","1,336","1,335","1,327","1,325","1,330","1,338","1,332","1,337","1,331","1,335","1,331","1,327","1,328",1309,"1,306",1304,1300,1292,1295,1299,1287,1286,1280,"1,344"
NY,"3,975","3,962","3,959","3,967","3,991","3,990","3,972","3,981","3,958","3,949","3,928","3,911","3,891","3,908","3,919","3,921","3,935","3,917","3,907","3,883","3,878","3,881","3,865","3,845","3,830","3,829","3,814","3,800","3,792","3,788","3,790","3,770","3,768","3,757","3,746","3,744","3,751","3,744","3,739","3,743","3,745","3,760","3,784","3,807","3,815","3,827","3,847","3,837","3,854","3,862","3,897","3,898","3,920","3,916","3,913","3,913","3,900",3968,"3,981","3,913","3,927","3,927","3,930","3,919","3,900","3,895","3,892","3,876","3,876","3,869","3,865","3,859","3,840","3,817",3771,"3,760",3709,3676,3656,3634,3621,3584,3572,3551,"3,972"
OH,"4,848","4,827","4,816","4,838","4,833","4,814","4,809","4,807","4,792","4,774","4,759","4,756","4,734","4,687","4,683","4,675","4,675","4,674","4,651","4,640","4,635","4,620","4,603","4,556","4,563","4,545","4,528","4,502","4,471","4,456","4,430","4,418","4,405","4,393","4,383","4,361","4,345","4,326","4,350","4,392","4,414","4,423","4,458","4,466","4,494","4,492","4,512","4,511","4,521","4,546","4,564","4,558","4,571","4,579","4,567","4,554","4,548",4556,"4,566","4,505","4,495","4,485","4,469","4,436","4,423","4,400","4,398","4,396","4,383","4,361","4,357","4,349","4,338","4,314",4261,"4,239",4215,4191,4183,4173,4161,4133,4144,4144,"4,809"
OK,"2,440","2,431","2,429","2,434","2,446","2,434","2,437","2,437","2,435","2,425","2,410","2,407","2,406","2,406","2,391","2,405","2,404","2,412","2,406","2,400","2,397","2,380","2,367","2,341","2,330","2,299","2,269","2,266","2,250","2,259","2,244","2,238","2,249","2,236","2,237","2,225","2,208","2,201","2,196","2,184","2,170","2,189","2,198","2,198","2,207","2,210","2,223","2,239","2,234","2,247","2,218","2,242","2,240","2,235","2,244","2,236","2,240",2274,"2,288","2,225","2,213","2,201","2,206","2,189","2,189","2,190","2,193","2,181","2,182","2,181","2,168","2,160","2,146","2,137",2111,"2,115",2110,2091,2079,2073,2067,2069,2064,2075,"2,437"
OR,"2,417","2,405","2,397","2,384","2,378","2,374","2,362","2,356","2,351","2,349","2,340","2,323","2,310","2,291","2,285","2,293","2,282","2,274","2,259","2,255","2,251","2,250","2,233","2,219","2,213","2,216","2,212","2,206","2,200","2,186","2,179","2,179","2,170","2,160","2,154","2,155","2,151","2,144","2,141","2,147","2,143","2,141","2,155","2,146","2,140","2,145","2,150","2,152","2,143","2,164","2,152","2,152","2,157","2,178","2,176","2,184","2,174",2216,"2,202","2,152","2,135","2,125","2,134","2,126","2,117","2,118","2,115","2,110","2,104","2,107","2,105","2,101","2,103","2,087",2055,"2,043",2033,2035,2032,2024,2022,2009,2007,2008,"2,362"
PA,"6,254","6,250","6,288","6,278","6,290","6,273","6,281","6,280","6,275","6,279","6,248","6,247","6,254","6,242","6,252","6,258","6,260","6,251","6,253","6,226","6,222","6,221","6,208","6,173","6,168","6,162","6,143","6,124","6,111","6,117","6,100","6,086","6,074","6,077","6,074","6,080","6,070","6,037","6,047","6,062","6,089","6,122","6,138","6,157","6,155","6,176","6,213","6,249","6,267","6,271","6,279","6,284","6,285","6,276","6,261","6,273","6,267",6339,"6,372","6,306","6,313","6,301","6,310","6,329","6,317","6,314","6,317","6,326","6,327","6,312","6,289","6,288","6,281","6,261",6225,"6,199",6173,6152,6126,6126,6117,6069,6049,6042,"6,281"
RI,612,611,616,630,639,641,636,635,632,634,637,636,631,637,635,629,628,624,635,638,639,635,632,618,621,622,617,608,606,603,602,592,590,587,579,577,579,572,571,568,563,562,566,572,571,562,571,567,574,576,575,573,572,565,564,567,570,573,576,567,568,556,553,551,555,560,561,562,563,569,570,569,560,564,565,566,563,557,548,540,541,533,537,533,636
SC,"2,164","2,161","2,159","2,166","2,164","2,164","2,157","2,170","2,156","2,151","2,144","2,139","2,137","2,129","2,133","2,131","2,130","2,118","2,115","2,108","2,107","2,100","2,099","2,077","2,075","2,067","2,073","2,065","2,065","2,069","2,064","2,066","2,057","2,061","2,064","2,057","2,065","2,061","2,066","2,068","2,069","2,080","2,101","2,109","2,125","2,125","2,131","2,138","2,138","2,142","2,157","2,185","2,193","2,211","2,219","2,227","2,228",2270,"2,278","2,233","2,238","2,235","2,228","2,228","2,234","2,220","2,235","2,242","2,240","2,235","2,239","2,234","2,227","2,237",2245,"2,244",2239,2228,2225,2220,2216,2207,2211,2210,"2,157"
SD,783,778,779,782,778,775,772,771,769,771,770,773,772,771,769,772,773,776,781,777,767,765,765,769,763,766,765,765,760,757,758,760,761,754,749,749,748,750,751,750,751,754,758,762,761,762,763,766,769,777,783,781,785,785,782,788,786,800,806,794,801,804,802,798,802,795,800,793,792,791,790,796,799,799,793,795,793,797,801,794,797,796,794,793,772
TN,"3,336","3,339","3,318","3,317","3,307","3,292","3,290","3,283","3,290","3,287","3,281","3,274","3,276","3,231","3,227","3,218","3,220","3,216","3,216","3,191","3,182","3,192","3,195","3,183","3,178","3,162","3,142","3,134","3,112","3,096","3,090","3,084","3,076","3,082","3,078","3,065","3,063","3,065","3,053","3,047","3,067","3,078","3,102","3,114","3,119","3,123","3,130","3,136","3,148","3,146","3,152","3,155","3,162","3,165","3,170","3,176","3,169",3214,"3,238","3,169","3,162","3,167","3,179","3,184","3,194","3,183","3,184","3,190","3,194","3,202","3,207","3,215","3,208","3,223",3217,"3,199",3186,3164,3163,3150,3148,3131,3126,3107,"3,290"
TX,"10,930","10,912","10,938","10,934","10,957","10,941","10,922","10,909","10,873","10,861","10,839","10,810","10,805","10,764","10,723","10,710","10,730","10,706","10,691","10,689","10,698","10,697","10,674","10,587","10,563","10,555","10,542","10,510","10,492","10,474","10,466","10,471","10,499","10,489","10,474","10,454","10,465","10,439","10,423","10,439","10,471","10,571","10,624","10,748","10,830","10,875","10,901","10,958","11,042","11,140","11,164","11,203","11,213","11,236","11,265","11,290","11,300",11544,"11,620","11,330","11,345","11,309","11,335","11,350","11,329","11,338","11,326","11,300","11,268","11,261","11,256","11,243","11,241","11,240",11154,"11,103",11053,10992,10937,10904,10872,10835,10805,10754,"10,922"
UT,"1,393","1,389","1,383","1,393","1,395","1,397","1,403","1,411","1,419","1,422","1,420","1,421","1,424","1,420","1,425","1,428","1,440","1,434","1,442","1,441","1,446","1,448","1,447","1,442","1,447","1,454","1,438","1,439","1,451","1,450","1,452","1,452","1,450","1,452","1,455","1,467","1,462","1,472","1,469","1,469","1,469","1,473","1,488","1,504","1,520","1,519","1,537","1,543","1,574","1,575","1,584","1,596","1,609","1,614","1,631","1,640","1,647",1696,"1,708","1,667","1,677","1,686","1,693","1,695","1,683","1,681","1,683","1,687","1,686","1,690","1,694","1,702","1,699","1,701",1703,"1,702",1691,1695,1690,1688,1691,1685,1675,1665,"1,403"
VA,"4,190","4,173","4,169","4,152","4,188","4,186","4,170","4,166","4,131","4,127","4,112","4,097","4,071","4,078","4,087","4,080","4,066","4,055","4,051","4,026","4,013","4,027","4,025","3,966","3,974","3,966","3,967","3,960","3,944","3,939","3,919","3,915","3,904","3,892","3,891","3,876","3,915","3,901","3,899","3,887","3,900","3,937","3,969","3,993","4,011","4,009","4,036","4,042","4,079","4,093","4,107","4,094","4,121","4,124","4,125","4,129","4,118",4192,"4,206","4,106","4,109","4,104","4,091","4,088","4,070","4,065","4,062","4,053","4,054","4,049","4,042","4,028","4,021","4,009",3982,"3,970",3947,3917,3903,3891,3872,3841,3837,3812,"4,170"
VT,545,542,539,538,542,539,533,537,537,534,533,527,523,525,527,526,528,532,538,533,532,530,531,529,535,538,543,538,536,534,526,523,525,532,529,529,531,533,536,533,540,545,550,550,550,552,551,556,556,557,558,557,558,551,550,550,551,550,550,542,541,539,538,537,538,538,542,543,537,538,534,533,537,533,533,527,528,523,521,516,515,514,502,496,533
WA,"2,770","2,756","2,757","2,757","2,770","2,760","2,751","2,734","2,726","2,755","2,790","2,808","2,826","2,846","2,866","2,874","2,878","2,891","2,899","2,900","2,906","2,889","2,882","2,888","2,911","2,925","2,951","2,957","2,963","2,996","3,005","3,021","3,003","3,017","3,018","3,019","3,064","3,064","3,066","3,072","3,088","3,097","3,130","3,137","3,147","3,134","3,167","3,171","3,174","3,204","3,210","3,227","3,240","3,245","3,265","3,275","3,281",3383,"3,420","3,325","3,318","3,306","3,318","3,323","3,317","3,295","3,303","3,298","3,296","3,299","3,291","3,288","3,292","3,279",3254,"3,227",3214,3200,3178,3154,3176,3144,3131,3106,"2,751"
WI,"3,062","3,054","3,048","3,044","3,030","3,018","3,013","2,995","2,990","2,976","2,963","2,944","2,966","2,964","2,952","2,957","2,957","2,944","2,929","2,924","2,932","2,932","2,934","2,921","2,921","2,920","2,919","2,919","2,908","2,905","2,888","2,877","2,871","2,868","2,856","2,856","2,867","2,860","2,837","2,824","2,819","2,842","2,837","2,849","2,849","2,849","2,854","2,836","2,833","2,830","2,827","2,831","2,836","2,833","2,827","2,832","2,829",2881,"2,896","2,834","2,822","2,818","2,824","2,834","2,831","2,833","2,818","2,823","2,815","2,815","2,825","2,816","2,817","2,807",2796,"2,800",2791,2780,2770,2762,2764,2750,2749,2755,"3,013"
WV,"1,444","1,443","1,441","1,440","1,433","1,438","1,436","1,437","1,427","1,427","1,415","1,414","1,404","1,391","1,388","1,391","1,388","1,380","1,385","1,376","1,372","1,370","1,375","1,366","1,366","1,363","1,358","1,351","1,345","1,350","1,353","1,352","1,351","1,350","1,347","1,350","1,349","1,339","1,342","1,343","1,342","1,338","1,351","1,347","1,352","1,354","1,352","1,353","1,362","1,360","1,357","1,357","1,358","1,358","1,366","1,375","1,374",1389,"1,386","1,365","1,359","1,365","1,354","1,357","1,363","1,357","1,365","1,363","1,360","1,363","1,355","1,343","1,346","1,337",1324,"1,316",1315,1312,1307,1313,1304,1294,1297,1297,"1,436"
WY,884,890,885,878,876,870,871,865,864,868,865,862,866,863,855,849,854,858,855,860,858,856,854,852,852,855,847,848,849,852,849,849,851,849,852,853,856,860,863,862,863,870,875,881,883,880,879,879,888,894,902,912,911,906,907,907,909,936,950,915,915,918,926,932,929,933,941,939,939,934,928,928,930,930,929,930,929,919,919,912,917,919,912,911,871